<?xml version="1.0" encoding="UTF-8"?>
<beans:beans xmlns="http://www.springframework.org/schema/mvc"
	xmlns:xsi="http://www.w3.org/2001/XMLSchema-instance"
	xmlns:beans="http://www.springframework.org/schema/beans"
	xmlns:context="http://www.springframework.org/schema/context"
	xsi:schemaLocation="http://www.springframework.org/schema/mvc https://www.springframework.org/schema/mvc/spring-mvc.xsd
		http://www.springframework.org/schema/beans https://www.springframework.org/schema/beans/spring-beans.xsd
		http://www.springframework.org/schema/context https://www.springframework.org/schema/context/spring-context.xsd">

	<!-- DispatcherServlet Context: defines this servlet's request-processing infrastructure -->
	
	<!-- Enables the Spring MVC @Controller programming model -->
	<annotation-driven />

	<!-- Handles HTTP GET requests for /resources/** by efficiently serving up static resources in the ${webappRoot}/resources directory -->
	<resources mapping="/resources/**" location="/resources/" />
	<!-- Server.xml 파일에 추가 편집할 것
	<Context docBase="C:/Project/upload" path="/springfileupload1/upload" reloadable="true" />
	 -->

	<!-- Resolves views selected for rendering by @Controllers to .jsp resources in the /WEB-INF/views directory -->
	<beans:bean class="org.springframework.web.servlet.view.InternalResourceViewResolver">
		<beans:property name="prefix" value="/WEB-INF/views/" />
		<beans:property name="suffix" value=".jsp" />
	</beans:bean>
	
	<!-- 멀티파트 (파일업로드) 관련 빈 설정 -->
	<!-- Multipart 지원 기능을 사용하려면 먼저 MultipartResolver 를 스프링 설정 파일에 등록. -->
	<!-- DispatcherServlet은 이름이 "multipartResolver"인 빈을 사용하기 때문에 다른 이름(아이디)을 지정할경우 MultipartResolver로 사용되지 않음 -->
	<beans:bean id = "multipartResolver" class = "org.springframework.web.multipart.commons.CommonsMultipartResolver">
		<beans:property name="maxUploadSize" value="10000000">
		</beans:property>
	</beans:bean>
	
	<context:component-scan base-package="com.project.samsam" />
	
	
	
</beans:beans>
